TaggedPitchType,PitchCall,PlayResult,RelSpeed,SpinRate,SpinAxis,InducedVertBreak,HorzBreak,PlateLocHeight,PlateLocSide
Fastball,StrikeCalled,Undefined,90.1085246055,2150.86394053,165.820006525,22.9803611065,-5.81452888769,1.47520839182,-0.609228305322
Fastball,StrikeCalled,Undefined,89.6270881481,2210.21020809,158.601459882,22.0194966188,-8.64138826675,2.13472679574,-1.47152338641
Fastball,BallCalled,Undefined,90.3683413818,2072.96843724,169.003448742,20.7569194353,-4.03958670826,4.55979013472,-0.454760771756
Fastball,BallCalled,Undefined,90.9970420358,2203.09496168,157.475689021,19.3411395775,-8.03383342517,1.30723681322,0.679632545611
Fastball,StrikeSwinging,Undefined,91.3574428572,2257.77884336,168.612254889,22.9643844686,-4.63158525488,1.50166043826,-0.308897362794
Fastball,BallCalled,Undefined,88.2007365155,2125.28819177,160.450384588,19.7510197868,-7.02519586759,4.08422989741,0.03044011013
Fastball,FoulBall,Undefined,88.9369247909,2171.22304613,158.26397313,19.3536231918,-7.72878853318,2.53052901045,0.145920078645
Fastball,FoulBall,Undefined,88.8298314569,2207.78670653,149.974985084,18.6556805403,-10.8004545849,2.45122376077,-0.648999400804
Fastball,BallCalled,Undefined,91.8036254981,2153.26234781,158.258723279,20.129961784,-8.03978038453,4.04698088314,-0.95583074985
ChangeUp,BallCalled,Undefined,77.0600260835,1629.62256417,128.658732497,9.48512455475,-11.9111723152,2.34332901193,0.531423999885
Fastball,FoulBall,Undefined,89.5144849012,2052.62206683,156.30048774,18.8050773692,-8.26861881929,1.41996711505,-0.898209980173
Fastball,StrikeCalled,Undefined,90.0106199166,2101.58751192,155.245205366,19.9838158854,-9.22937074038,2.16803085887,0.395747347414
Fastball,StrikeSwinging,Undefined,89.9838568579,2119.58671545,157.591203426,19.9723333841,-8.24875572479,2.6860187047,-0.321254534286
ChangeUp,StrikeSwinging,Undefined,77.0186186268,1574.82117955,113.896021466,5.33573843578,-12.1412474662,0.513687449144,-0.604347530806
ChangeUp,BallCalled,Undefined,76.7368104493,1574.40800273,129.573577778,12.4909675123,-15.1662465861,0.575716603606,-1.23373774641
Fastball,BallCalled,Undefined,90.7612307975,2175.24652562,164.81474033,20.775310718,-5.64728018476,3.60040949794,-0.031382171492
Fastball,BallCalled,Undefined,91.3110598479,2162.51761366,165.500228983,20.1776483129,-5.22624602017,4.15988273901,0.247920504986
Fastball,BallCalled,Undefined,89.6554477095,2156.17588346,156.57538808,19.4598855441,-8.44477849147,2.75431053706,-1.56982896286
Fastball,FoulBall,Undefined,89.2997977969,2222.48512129,162.716618984,21.3222909254,-6.64448609918,2.75598525669,-1.02921653726
Fastball,StrikeCalled,Undefined,89.3226934492,2107.99577765,171.880770173,21.9428382058,-3.13503352192,2.08292486996,-0.845587108081
Fastball,BallCalled,Undefined,88.213413081,2132.63165409,170.140578297,21.0956478532,-3.67214909216,3.87793137435,0.465709444908
ChangeUp,StrikeCalled,Undefined,77.7353815409,1646.0127995,130.004993512,8.43005760667,-10.0958538563,2.39353337812,0.308615934779
Fastball,BallCalled,Undefined,87.1818549023,2246.68509218,159.528133201,19.5215042573,-7.3004445465,2.58410019092,-2.06499375234
Fastball,StrikeSwinging,Undefined,87.0592787909,2228.63769859,165.949745448,22.194799368,-5.56290968284,3.13445488023,-0.607068227604
Fastball,FoulBall,Undefined,89.4862918886,2272.92932619,171.988740979,19.3805762953,-2.7321877145,2.55255301832,-0.0079389356255
Fastball,BallCalled,Undefined,89.5032341372,2105.16171613,174.041681589,20.3343062874,-2.12560557704,2.24254453734,1.20336305634
Fastball,InPlay,Out,89.7495912775,2117.31329798,151.087278211,17.7408382818,-9.81626722736,2.38378157806,-0.06003700879
Fastball,BallCalled,Undefined,87.1635582606,2114.52384789,148.882998626,19.0136032309,-11.4979622218,3.04402652942,-1.76229387993
Fastball,BallCalled,Undefined,87.6558878188,2073.30332551,169.583714488,20.09245453,-3.69971644692,4.43046686061,0.211813655708
Fastball,BallCalled,Undefined,88.4704619022,2180.89131362,169.516323955,19.8784055758,-3.68444674988,0.79072243113,-0.288212293654
Fastball,StrikeCalled,Undefined,84.6688752538,2089.43507847,170.466455686,21.5696603624,-3.62858263438,3.24114054551,-0.0831306585179
Fastball,BallCalled,Undefined,87.7207775001,2107.839203,156.279119823,17.9472956413,-7.90083911833,3.58425689699,0.20365033441
ChangeUp,BallCalled,Undefined,74.4507679903,1557.31330757,100.98649747,2.8445582295,-14.8914739049,0.508094451421,0.140051794211
Fastball,StrikeCalled,Undefined,84.737539383,2065.00215484,167.706870205,22.4260668746,-4.89471923116,2.30522951455,-1.35138462802
Fastball,InPlay,Out,88.6464790586,2156.76991921,175.454141934,20.9648032342,-1.66946483735,1.65847798597,-0.0593993498758
Fastball,StrikeCalled,Undefined,87.9116812235,2191.40342059,161.215262813,21.4209225323,-7.29736203142,1.99202371673,-0.278319079499
Fastball,BallCalled,Undefined,88.9587709865,2155.52062645,170.932147057,22.5898856188,-3.61053883166,1.13197856623,-0.295550861366
Fastball,BallCalled,Undefined,88.6076457207,2220.96791346,167.652387434,22.1758170448,-4.86160676283,0.978344877245,0.0212913008088
Fastball,InPlay,Out,88.712918083,2165.09561747,162.510280238,22.5356300363,-7.11141599836,0.930002634294,-0.572685228344
Fastball,BallCalled,Undefined,86.9770874784,2148.60547644,167.595063745,21.5496399092,-4.74744150194,3.04719974476,-0.459029781898
Fastball,FoulBall,Undefined,88.7997365367,2185.55835223,164.013102242,21.8160173986,-6.25971884316,1.74246469726,-0.25340399236
Fastball,BallCalled,Undefined,88.2308198482,2142.15600079,166.003104147,21.8701293392,-5.4598716468,3.81138207077,-0.921222955026
ChangeUp,FoulBall,Undefined,77.6501556991,1667.54073791,122.435594631,9.03374705029,-14.281915463,1.40483628623,-0.177696887549
Fastball,InPlay,Out,89.9571380714,2073.84495665,172.657961565,20.4488430263,-2.63891560992,2.32455368984,0.251652308095
ChangeUp,StrikeSwinging,Undefined,75.5640494688,1560.10774648,122.616255139,9.24882616034,-14.5234735079,1.3617640393,-0.37670358448
Fastball,FoulBall,Undefined,90.2061562136,2269.98982071,170.099306582,20.2884837075,-3.54668425767,3.01845882365,0.0915693789459
ChangeUp,BallCalled,Undefined,76.997194148,1690.30850647,108.61495642,5.56675060165,-16.655402853,3.89430105181,-1.62477265935
Fastball,StrikeSwinging,Undefined,90.6932043707,2220.13016637,166.849382324,22.4640981463,-5.25583924755,2.91510827511,-0.410829791688
Fastball,StrikeCalled,Undefined,87.6455421369,2171.96518801,163.19114041,21.2661401354,-6.43440305655,2.3384788753,-1.52545768047
Fastball,BallCalled,Undefined,88.9586602583,2178.7050794,166.72237339,21.6340819809,-5.11283035149,3.38218441976,-1.13195574193
Fastball,BallCalled,Undefined,89.0864780297,2160.11445791,164.533115512,20.7913820205,-5.76198126122,2.0275638543,-1.51066113671
ChangeUp,BallCalled,Undefined,74.4400757629,1724.70940601,132.914438851,9.87937881835,-10.675707333,4.07225025406,-0.509455648932
Fastball,StrikeCalled,Undefined,89.826138043,2220.32657184,163.322935201,21.5197186986,-6.45638061825,2.80024651801,0.629763234963
Fastball,FoulBall,Undefined,90.8146334571,2181.81403759,165.083922203,20.6542179297,-5.51012279202,2.15862064198,-0.0720571391258
Fastball,InPlay,Out,88.3526982311,2052.3790093,167.668325895,20.8783255067,-4.57149388882,2.96350346196,-1.02286585957
Fastball,StrikeCalled,Undefined,86.6909974898,2104.96633902,172.901756748,19.3921438989,-2.41911363452,2.3704597218,-1.15633122882
Fastball,BallCalled,Undefined,88.6952152164,2121.30412204,161.056238206,21.0643144897,-7.24126229093,3.48170213581,-1.06054019157
Fastball,FoulBall,Undefined,89.4134971197,2141.49471967,164.272327257,20.4981115797,-5.78156113842,1.56184605084,-0.700575842758
Fastball,FoulBall,Undefined,89.7354098591,2136.25434628,168.158414536,18.944283892,-3.97877590517,3.17774370775,-0.256499316252
ChangeUp,StrikeCalled,Undefined,76.0659031979,1572.34133335,99.9953612381,2.35119732591,-13.5933366197,2.47882524161,-1.59526034003
Fastball,StrikeCalled,Undefined,88.1153479228,2071.26485367,166.813925777,19.0839557928,-4.47896862527,2.84857179193,0.430239317949
Fastball,StrikeCalled,Undefined,86.94124009,2097.48615099,169.574919338,18.6088006313,-3.4300366499,1.81089868071,-1.33006844195
Fastball,BallCalled,Undefined,89.9494314707,2143.93745106,173.147610813,17.6325029967,-2.12275699038,4.32013024698,0.71910249922
ChangeUp,StrikeCalled,Undefined,75.5409338192,1682.84894072,135.557038346,10.9078302926,-10.741764634,1.54512505502,-0.641022454534
Fastball,BallCalled,Undefined,90.0446676808,2148.25539836,171.46871999,21.3030585451,-3.20044499,2.08781913505,0.671371597275
Fastball,InPlay,Triple,89.0749403684,2213.22918619,150.742856557,19.1040682602,-10.7202199137,3.10348398717,-0.709832145367
Fastball,InPlay,Out,88.0085429586,2047.97052482,164.052081817,23.5117522462,-6.72828089495,2.94154629165,-0.646963906714
Fastball,BallCalled,Undefined,88.3863155329,2024.88142202,170.09850771,22.5287929216,-3.93832350939,3.70655550007,-1.04411988543
Fastball,StrikeCalled,Undefined,88.3694652695,2151.26667157,167.712417053,21.3530908845,-4.65814140773,1.75889628805,0.14163168062
Fastball,FoulBall,Undefined,87.4926613821,2087.01469817,163.779167666,22.7564353471,-6.63019696221,1.9973369727,-0.436355571051
Fastball,InPlay,Out,90.1657178438,2127.10748061,167.138168949,21.6128575776,-4.94209921461,2.58836255114,0.415346065056
Fastball,StrikeCalled,Undefined,89.4151056534,2132.3512635,167.184008312,23.9625842423,-5.4586111578,2.03230509532,0.451561095944
Fastball,StrikeSwinging,Undefined,89.1377601925,2222.03749117,170.647229135,24.8419021818,-4.09691549699,3.43416836158,0.518528058714
Fastball,StrikeSwinging,Undefined,88.7710687317,2112.02981436,165.211252428,23.1259933675,-6.11398955483,3.3004485953,0.533418924508
Fastball,InPlay,Out,86.3911721588,2055.2358036,157.116245581,20.3484807054,-8.60340730138,2.1239415049,-0.10392388581
ChangeUp,BallCalled,Undefined,75.5670455832,1546.71183133,123.914707682,9.87704754225,-14.7574731462,2.1957186038,-1.85812556023
Fastball,FoulBall,Undefined,88.6033504334,2166.83517685,162.092679825,27.37866168,-8.85765629018,2.50762331835,-0.52394513195
Fastball,FoulBall,Undefined,89.2670155206,2074.89949563,162.594461362,20.5515601706,-6.4527901206,1.93974012036,0.0484210937205
ChangeUp,InPlay,Out,79.5817453525,1610.92353884,118.103851029,8.07158037007,-15.1901893798,1.5858702723,-2.06128240663
Fastball,StrikeCalled,Undefined,89.0135803235,2188.39554964,167.557370859,22.6508779455,-5.00499347533,1.89238282203,-0.956205434871
ChangeUp,StrikeCalled,Undefined,76.5245361491,1622.74997868,101.223206196,3.04943594853,-15.5887783129,2.60318846369,-0.511988487981
ChangeUp,BallCalled,Undefined,79.0901629725,1566.70758236,141.01503299,11.6960429893,-9.49906361989,0.808280545773,0.0742770007608
Fastball,BallCalled,Undefined,91.534382263,2242.87847134,173.362053716,22.4479055395,-2.61594750638,0.843447136472,1.34543257099
Fastball,InPlay,HomeRun,89.1184594465,2221.34313286,162.467504259,21.5320942646,-6.8126835859,1.8747242384,-0.779323374995
Fastball,FoulBall,Undefined,88.1668338871,2181.24896277,171.003708669,21.5963490543,-3.42432101737,2.61578539476,-0.567290217619
ChangeUp,InPlay,HomeRun,76.4063391072,1628.13080724,126.801442079,11.2683873673,-15.1209345814,2.16238636726,-0.789755637829
Fastball,BallCalled,Undefined,88.9277626849,2113.64750308,171.794289565,21.0262877699,-3.03680398323,4.39169095246,0.697812964915
Fastball,BallCalled,Undefined,88.9960971646,2160.22439123,164.941503565,22.3049800674,-6.00981526172,2.94330696711,1.03441642935
Fastball,StrikeCalled,Undefined,88.7937669553,2152.89069655,169.969963738,21.6711315477,-3.83870007789,2.97488745426,0.495182669621
Fastball,BallCalled,Undefined,89.8618134873,2152.68364188,169.703625592,22.6433711379,-4.11932949425,1.33688017943,1.32553732358
Fastball,BallCalled,Undefined,88.83317012,2140.33684387,169.324501596,21.6011779339,-4.07819579145,1.1963754752,0.225980445783
Fastball,BallCalled,Undefined,88.6804396566,2225.01374517,175.463113769,23.3478959147,-1.85523179113,2.3354617512,1.09924997164
Fastball,InPlay,Out,88.8371959983,2165.21700803,168.439844012,23.2786186615,-4.76829932868,2.1237752691,-0.00398999590248
Fastball,BallCalled,Undefined,87.2069261179,2140.43877872,167.538840199,21.6625379039,-4.79457691015,0.735436028195,0.270871274646
Fastball,StrikeCalled,Undefined,86.7271907039,2154.31464781,167.4038305,24.0596565109,-5.38397743641,1.83774369412,-1.21970345743
ChangeUp,FoulBall,Undefined,75.5965577513,1420.08833327,138.256993701,10.5159320686,-9.42391804306,2.29098073025,-1.10728462922
Fastball,FoulBall,Undefined,89.2373820085,2151.71613371,166.896958879,21.1657410222,-4.93414940388,2.38567774728,-0.823829150666
Fastball,BallCalled,Undefined,88.1497861607,2082.11647649,171.882844057,20.8112847502,-2.97297920947,3.45188386395,0.541364644731
Fastball,InPlay,Out,89.5326942152,2219.56302375,163.096902903,20.9086204698,-6.36354236227,2.51815996837,0.497339792688
Fastball,StrikeCalled,Undefined,90.0188411383,2163.07495523,172.581790184,18.9911477602,-2.47678431032,2.46737371005,-0.347983710953
Fastball,BallCalled,Undefined,90.9191849159,2150.93099181,168.680630478,21.0636870207,-4.22257811216,3.30025208268,0.58216291324
Fastball,StrikeCalled,Undefined,89.3906788547,2199.07828873,158.414744885,18.4032750878,-7.29362511381,2.88148771161,-0.582147845831
Fastball,StrikeCalled,Undefined,91.1000043926,2236.73874031,164.148396811,20.3961179627,-5.80014575569,1.49038579315,-0.350093498771
Fastball,StrikeCalled,Undefined,90.5891537914,2258.79748318,169.787519359,20.5232607636,-3.70296699376,2.20371253717,0.631823173288
ChangeUp,StrikeSwinging,Undefined,79.3653960991,1578.16620374,129.659462805,9.90670728437,-11.9989479248,1.67095609795,0.0626243080524
Fastball,StrikeSwinging,Undefined,93.1883278394,2253.83622917,161.520153446,22.2368689805,-7.44167198272,3.03858576546,-1.24457055441
Fastball,StrikeSwinging,Undefined,90.7239337924,2286.70030917,161.485768754,22.9911772494,-7.7096252231,2.90484323497,0.0600708720244
Fastball,StrikeCalled,Undefined,91.7760403496,2291.15431692,162.041610574,20.8293930975,-6.76112576184,1.80874699849,0.670890385756
Fastball,BallCalled,Undefined,91.0278219781,2231.79436871,169.657308177,21.8405383791,-3.99157991454,4.7642224756,0.904029118109
Fastball,BallCalled,Undefined,90.3465725473,2250.32614968,159.841769648,20.1341905636,-7.40290665893,3.30925911153,-1.23096445049
Fastball,FoulBall,Undefined,90.5229575837,2142.1240615,173.775410598,18.344211342,-2.00423850689,2.91538099244,0.226935799564
ChangeUp,BallCalled,Undefined,81.8912278874,1625.5110248,117.037310602,7.77707572936,-15.3134656052,1.00913915877,0.595963370072
Fastball,BallCalled,Undefined,90.5884322787,2151.018648,166.403387803,22.4137666656,-5.42857576285,1.53650296792,-0.59038264001
Fastball,StrikeCalled,Undefined,89.518838367,2116.48722441,166.148010511,22.3842476486,-5.52757680323,2.12720907277,0.547449990061
Fastball,InPlay,HomeRun,89.9348629405,2134.32017147,168.853269557,20.1087258383,-3.96848160437,3.41088961023,0.150054290154
Fastball,BallCalled,Undefined,90.2150233506,2148.61033155,162.622977436,17.9290955676,-5.62063807884,3.57892275667,1.31789046287
Fastball,StrikeSwinging,Undefined,89.4750514547,2160.91558757,168.85255447,22.4147022471,-4.42322971399,2.17634467466,0.836429635942
Fastball,StrikeCalled,Undefined,88.7112183963,2151.31201242,176.040642624,21.9006021377,-1.51809907047,2.19124129761,1.2699525757
Fastball,StrikeSwinging,Undefined,90.6648378933,2220.94375924,173.293614762,22.0758582126,-2.59949264284,2.74912449748,0.115134389091
Fastball,FoulBall,Undefined,NA,NA,NA,NA,NA,NA,NA
ChangeUp,BallCalled,Undefined,77.3125317162,1662.53126197,126.392059347,8.77645272859,-11.9657774268,-0.179003664123,0.326311817932
ChangeUp,StrikeCalled,Undefined,76.6440189243,1525.40427193,119.793758159,7.2894255446,-12.8082036271,2.6473509005,0.224498485516
Fastball,StrikeCalled,Undefined,91.1621436643,2223.07588115,160.929610908,21.5818320496,-7.47164166243,1.75183184666,-1.09631035021
Fastball,StrikeCalled,Undefined,88.6833842282,2133.56425909,161.516590938,22.3364567336,-7.47746031456,2.87236909548,-0.285476078664
Fastball,BallCalled,Undefined,90.7399194823,2225.26174462,170.356269275,22.5682788538,-3.84015002018,1.9937507175,1.40272470318
Fastball,StrikeSwinging,Undefined,88.9889490636,2098.32359459,172.650232116,24.2164341432,-3.12777159324,2.81563815704,-0.15576242443
Fastball,BallCalled,Undefined,91.1441268321,2214.53890027,172.509592064,23.6273243736,-3.11067598206,3.1502979784,1.49227005491
ChangeUp,BallCalled,Undefined,78.867748271,1561.24376867,127.920547145,9.33860383841,-12.0400504788,3.38817477232,-0.549739488914
Fastball,StrikeSwinging,Undefined,89.5439747759,2214.93555368,160.600199876,22.0914371036,-7.79084822005,2.67670158752,-0.947242095004
ChangeUp,StrikeCalled,Undefined,77.2353166694,1745.95920549,122.139492886,8.14708078723,-13.0357548164,1.410706409,0.246229820284
Fastball,BallCalled,Undefined,90.2248248844,2221.1096611,170.896325126,24.0446372242,-3.8580395751,1.93279219493,1.31194805758
Fastball,StrikeCalled,Undefined,88.9934536364,2228.20481916,160.43131493,22.813829698,-8.12123148383,2.57895679643,-1.01403498765
ChangeUp,BallCalled,Undefined,80.2722280974,1743.03958061,115.377503593,7.33474235482,-15.5456200567,2.01777140214,-1.72676962552
Fastball,FoulBall,Undefined,90.689903425,2169.64983111,183.504524631,22.875574262,1.40285710782,3.06073584079,1.35475536666
Fastball,FoulBall,Undefined,90.8090195481,2137.81957904,158.083167941,19.478633549,-7.84962447859,3.0616457205,-1.31679822478
Fastball,StrikeSwinging,Undefined,91.32548776,2192.69032423,175.053900877,21.4716158802,-1.86084487181,4.05755980409,0.252138398951
Fastball,StrikeCalled,Undefined,87.7753190786,2093.8355993,170.065723907,23.5013224472,-4.12210034694,1.87555007642,-0.511827876658
Fastball,FoulBall,Undefined,88.502294729,2135.27239827,163.551207162,21.1710163217,-6.26038370073,2.39769986155,-0.427158834684
ChangeUp,BallCalled,Undefined,78.4015805214,1636.92767453,126.852718172,10.0670584488,-13.4865980384,2.0176097494,-0.881520102039
Fastball,FoulBall,Undefined,89.5672366108,2189.93101631,164.311746303,19.8924602909,-5.59607217413,2.20899514189,-1.04914477982
ChangeUp,InPlay,Single,77.3959799636,1658.14309959,132.942370331,9.00468048677,-9.72176054207,1.68942621433,-0.0559219101191
Fastball,StrikeCalled,Undefined,88.8988532776,2139.66380585,175.371404837,22.9355335068,-1.85952931159,1.95510516002,0.941321703898
Fastball,InPlay,Out,88.7653234913,2104.92133843,168.880843295,21.7149978681,-4.27435284995,2.78149300026,0.00685610751368
ChangeUp,InPlay,Out,76.9203151299,1741.07079195,131.592574441,11.4010564991,-12.8937917504,2.22020996672,-1.0495176378
Fastball,StrikeCalled,Undefined,86.7254701925,1958.4684671,169.357860851,18.5513043346,-3.49231312731,3.0932702967,0.719676104373
ChangeUp,FoulBall,Undefined,78.21294872,1445.09601735,109.681205554,4.72140277687,-13.3175415272,1.61796426244,0.480981926462
Curveball,BallCalled,Undefined,73.8577842319,2324.67469831,317.96485807,-10.6383727406,9.54715684407,1.81171384746,0.0254585312886
Fastball,FoulBall,Undefined,88.5476522568,2087.69492379,172.308066337,24.850184312,-3.36076584159,1.77765538963,0.00679039306664
Fastball,BallCalled,Undefined,90.5825145195,2150.94277139,173.238231268,22.6615721423,-2.69068762885,2.96863706418,1.66558789676
Fastball,StrikeSwinging,Undefined,90.776690975,2085.5296917,175.9135731,23.8550273162,-1.70652273974,2.36421339136,1.02522007016
Fastball,BallCalled,Undefined,91.6275775756,2173.01366928,177.448066887,23.2451324333,-1.0373929742,3.69056990978,0.928243981039
ChangeUp,StrikeSwinging,Undefined,79.5544228166,1670.0810012,117.862803427,8.99643743248,-17.09469156,1.076748572,-0.433851389355
Curveball,StrikeCalled,Undefined,74.5703364652,2278.99870844,332.37146181,-13.639138967,7.11364300384,2.54300652745,0.723268552493
Curveball,BallCalled,Undefined,76.9959002193,2290.61102922,322.927410421,-13.9043032369,10.4707686425,0.134874080901,1.89555977146
ChangeUp,StrikeSwinging,Undefined,79.4974070135,1694.73135602,124.560508871,7.64272833349,-11.1541030227,2.06007205655,0.677213219277
Fastball,BallCalled,Undefined,87.5563883177,2145.06528854,161.004473284,22.3842701147,-7.71718331172,0.504318159078,-0.778938534896
Fastball,StrikeCalled,Undefined,87.896637604,2157.976315,168.592909703,23.9525940399,-4.83960649723,2.82207583084,0.0575470055065
Curveball,StrikeCalled,Undefined,74.7824200129,2283.62415613,354.104275682,-13.993415557,1.44003255534,1.60185073739,0.224340321009
Curveball,StrikeCalled,Undefined,76.407445786,2254.2533994,317.707360305,-8.76306392877,7.93023001752,3.01664709713,0.879570495051
Fastball,StrikeCalled,Undefined,88.9340928533,2306.33142999,158.341636663,21.9390048088,-8.72519627727,1.62329816328,-0.548275337713
Fastball,BallCalled,Undefined,88.3265559347,2242.10046779,172.880007892,25.2587798344,-3.15928308037,1.37113481461,0.118872473334
ChangeUp,BallCalled,Undefined,78.5745244014,1644.29582647,122.589158133,10.2561487321,-16.1093414335,-0.21335798094,0.501284316403
Fastball,StrikeCalled,Undefined,88.8308069893,2268.73810499,171.951245675,22.8247764661,-3.23224519106,1.40921722287,-0.57340519429
Fastball,BallCalled,Undefined,90.5930918644,2235.01718196,163.733083911,24.8597237925,-7.2631618648,1.15716403155,-1.15008528893
Fastball,BallCalled,Undefined,90.0464810939,2220.57882886,173.18710726,23.6109132963,-2.82461907966,0.85993672898,0.565228121073
Fastball,StrikeCalled,Undefined,88.8626480875,2235.19223247,164.938689655,25.0039728589,-6.73735067724,2.16223127424,1.07134475709
ChangeUp,BallCalled,Undefined,77.2079678369,1593.37996367,143.782815951,13.3983482372,-9.84415269916,3.57462049418,1.11710038713
ChangeUp,StrikeSwinging,Undefined,76.8124306643,1636.95314848,130.944242422,10.1117571862,-11.7056720394,0.783874352243,1.16052576313
Fastball,BallCalled,Undefined,91.6393749035,2341.98063894,172.59406731,24.7312488739,-3.21866802879,2.59639433895,1.70360658137
ChangeUp,StrikeCalled,Undefined,73.1909319531,1589.44865326,137.454514924,10.9459703698,-10.0901187578,2.26416800401,-0.174889778173
Fastball,InPlay,Out,88.3034153567,2191.91107077,181.828762489,25.814049212,0.825287681859,3.32921155534,0.108204203719
Fastball,StrikeCalled,Undefined,88.874440258,2267.03473242,178.083472945,25.0961177224,-0.840877020672,1.74611106576,1.30315244759
Fastball,StrikeSwinging,Undefined,89.7460802407,2285.31870059,174.655983303,26.3171819761,-2.46479272271,2.7616747307,-0.434365680145
Fastball,BallCalled,Undefined,90.435874277600007,2315.19842146,166.761395567,22.5986437572,-5.32397506157,2.66352613187,1.42570998882
Fastball,BallCalled,Undefined,90.059094442,2316.93908415,178.010343408,25.4515848251,-0.885301598817,1.41452754788,0.734162203799
ChangeUp,BallCalled,Undefined,78.2196330844,1688.95438782,114.606896064,6.77276523427,-14.8799245723,0.247627115119,1.03047114739
Fastball,BallCalled,Undefined,90.5747563313,2323.76875393,167.279129957,24.7121582334,-5.58572332175,0.840389039979,0.39250231076
Curveball,BallCalled,Undefined,74.8265483333,2440.1465521,316.403644223,-11.2174247353,10.6361815437,0.892990551133,2.02159816123
Fastball,StrikeCalled,Undefined,88.459798985,2221.21766157,167.409181041,25.0787210989,-5.60897313888,1.4084278288,0.908698264472
Fastball,StrikeCalled,Undefined,89.7191897283,2233.51269675,162.376662759,22.6227097326,-7.19679726701,1.52574046483,1.25302724639
Fastball,InPlay,Out,89.3630697348,2300.755242,164.486162864,24.5129230552,-6.81345811656,2.09072522806,-0.755482676548
Fastball,InPlay,Single,87.6073420857,2140.4304035,174.135939821,24.3690438803,-2.50632204253,1.90433741104,-0.887547440532
Fastball,BallCalled,Undefined,87.6348409798,2197.44556175,173.663697771,23.7978683042,-2.64634759041,2.97776220622,1.55316802367
ChangeUp,BallCalled,Undefined,75.6878432553,1572.84004644,150.230160784,11.2242468817,-6.44621734153,1.55527618718,1.11953549366
Fastball,StrikeCalled,Undefined,86.659369897,2122.66515103,178.313536221,25.2165545568,-0.74346777078,1.73683273906,1.42796773042
Fastball,BallCalled,Undefined,88.1920576229,2164.82991857,170.529543699,25.1431059535,-4.19978720964,0.783611381531,1.97100478834
Fastball,StrikeCalled,Undefined,87.2593124816,2197.01665292,169.267471432,23.0524103327,-4.37576768866,2.66044765416,1.04427577131
Fastball,BallCalled,Undefined,87.6532853856,2170.19565602,169.213477025,23.3017578032,-4.44575955998,1.01755512152,0.33687187739
Fastball,BallCalled,Undefined,90.7672577658,2317.91993646,162.869222236,21.0445200572,-6.49608763724,-0.021707765106,0.0541887880719
Fastball,BallCalled,Undefined,91.1381775697,2275.88202774,165.750507688,22.6431855111,-5.75817176948,1.14383618415,1.56738506854
Fastball,StrikeSwinging,Undefined,91.6667166991,2327.11844609,162.201790414,22.7088783927,-7.29996083332,2.15035833449,0.6212311816
Fastball,StrikeSwinging,Undefined,91.9031599345,2325.94568965,161.513363485,22.3948253299,-7.49744222611,1.74369212993,0.145371681262
Fastball,BallCalled,Undefined,93.7976487529,2386.34107585,165.595999797,22.9467924855,-5.90089007416,1.88621242176,1.23899198544
Fastball,StrikeSwinging,Undefined,91.8064537378,2302.30567753,163.36352662,22.4331107184,-6.71219444745,2.46063123512,0.558753653504
Fastball,StrikeCalled,Undefined,92.535243282,2349.56172526,168.195118292,23.1211556549,-4.83854119494,1.51654643018,-0.619199943672
Fastball,InPlay,Out,92.5897692747,2297.53055,167.285484697,22.7789629553,-5.14625451927,1.82759572558,0.00359326885923
Fastball,BallCalled,Undefined,90.8006351427,2268.81642016,169.215049358,24.8832186589,-4.74591003515,0.637766217324,0.699596216111
Fastball,BallCalled,Undefined,91.1737569805,2241.09733604,166.092979597,22.8746343609,-5.67141974598,2.93729789148,1.11430817046
Fastball,InPlay,Single,90.9974194998,2276.67637898,158.403316637,21.4671696415,-8.51009459625,2.31355829207,0.326667602295
Fastball,BallCalled,Undefined,91.6523314609,2349.11250989,171.809115038,19.5266480334,-2.81505593816,3.36594698869,-0.92852910472
ChangeUp,StrikeSwinging,Undefined,76.6051269404,1613.15033891,143.362467035,13.9995641131,-10.4434503312,2.02097912142,-0.19059422758
Fastball,FoulBall,Undefined,90.9483642908,2388.48596661,168.211273975,22.6556361055,-4.73473885132,2.58700665977,-0.271068419745
Fastball,FoulBall,Undefined,93.0904701283,2339.19981831,170.460352317,21.1760375669,-3.56369281708,2.83736792623,1.19484498377
Fastball,FoulBall,Undefined,92.5270991457,2346.82154113,157.511747451,21.2042518107,-8.79029544045,2.01805940221,-0.524062359248
Fastball,InPlay,Single,91.5424427342,2300.52577005,157.101316372,21.6128065569,-9.14182335581,1.51805879725,-0.118149844997
Fastball,BallCalled,Undefined,90.5489888135,2257.17328736,166.887493519,22.0932382456,-5.1534786104,2.05285951601,-1.25851888837
Fastball,FoulBall,Undefined,89.7849493491,2270.76094444,165.527062364,23.4403758992,-6.05847622914,1.68056045978,-0.918695677405
ChangeUp,InPlay,Out,75.5834561409,1753.3133009,126.124342381,10.9384299732,-15.0487897473,1.37093750686,0.135177511914
Fastball,BallCalled,Undefined,90.5600247775,2160.43954277,164.757880037,19.1063248465,-5.21457523023,3.76672115976,0.817266305908
Fastball,StrikeSwinging,Undefined,90.8435071736,2280.87294852,158.895710481,21.6223473451,-8.35708850093,2.36851468636,0.64379108972
Fastball,BallCalled,Undefined,90.2160248844,2248.21377907,157.540680044,20.9776803384,-8.68480008899,2.59520708058,1.67316953511
ChangeUp,FoulBall,Undefined,76.5354770812,1592.05222124,130.552439104,9.43434939039,-11.0767248797,2.57313370788,-0.028281670164
Fastball,BallCalled,Undefined,91.7033187442,2194.38713086,169.75439264,21.3410206219,-3.86288833451,3.48044358523,1.62177066204
ChangeUp,FoulBall,Undefined,77.6049283949,1681.25641691,139.448770803,13.6084341877,-11.6800242031,2.47840106746,-0.495924324298
Fastball,StrikeSwinging,Undefined,91.1580896714,2297.91266572,155.614064851,20.9966346144,-9.5319807954,2.65644188733,0.703718360573
Fastball,FoulBall,Undefined,89.3372408618,2264.9520058,163.996024169,24.2524618677,-6.96529388198,2.42319148402,-0.14549222609
Undefined,StrikeCalled,Undefined,72.93711804,2564.76878184,312.327644257,-8.29493162459,9.05421586051,3.19129681935,0.524200830458
Undefined,StrikeSwinging,Undefined,91.2308536119,2287.25452554,169.935034,23.8701679603,-4.24228307668,2.93004311748,0.864016211864
Fastball,StrikeSwinging,Undefined,89.4146944096,2303.1630871,171.600061058,23.3862579769,-3.45808440974,2.64531239522,-1.23749199849
Fastball,StrikeCalled,Undefined,91.6573881851,2343.92550059,173.065423444,20.5246775361,-2.49999295971,1.77255537719,-0.397643205969
Fastball,BallCalled,Undefined,91.8524120741,2426.84778524,171.351083389,23.0854151986,-3.51606635003,1.64297615644,-2.21922943341
Fastball,FoulBall,Undefined,90.6202531172,2352.66737594,174.557550282,21.6890423058,-2.06937938213,2.74252131523,-0.818957101779
Fastball,StrikeCalled,Undefined,92.5652912295,2205.62946747,165.444096193,18.9592204794,-4.93056358267,1.61297294484,0.596864959336
Fastball,BallCalled,Undefined,90.0859802023,2230.15126116,164.81432898,19.5408937083,-5.31233324041,1.91695357308,0.495722335814
ChangeUp,StrikeCalled,Undefined,78.1686757342,1753.73494897,142.425223198,15.24655457,-11.7619583834,3.00803048171,0.181583766519
Fastball,StrikeSwinging,Undefined,89.0240768873,2199.82537904,155.898028507,19.11000835,-8.56337129142,3.22736207107,-1.12854562308
Fastball,BallCalled,Undefined,90.3420915231,2238.89134295,172.544529651,22.830065371,-2.99166068236,3.19816971529,1.63141607235
Fastball,StrikeCalled,Undefined,90.5334613282,2289.3194147,165.541653877,20.8251831334,-5.37762366377,2.00547564493,0.44094030958
Fastball,FoulBall,Undefined,90.3669936343,2315.64240381,169.993975065,22.6138768235,-3.99543976771,2.17251994709,0.236547745334
ChangeUp,StrikeCalled,Undefined,77.1617746369,1727.11736689,134.116493601,14.0583814123,-14.5425003514,1.9196772176,0.449033326126
Fastball,FoulBall,Undefined,89.97292519,2245.18713461,172.345719425,25.1212559319,-3.38036508126,3.12733190816,1.02993066471
Fastball,BallCalled,Undefined,91.0953788976,2230.52681193,167.189374554,23.0587593443,-5.25027043149,4.94418669278,0.559959699185
Curveball,BallCalled,Undefined,73.4313735895,2513.90197548,331.095486393,-11.0099712292,6.05161736331,4.90856643685,0.506291131855
Fastball,StrikeSwinging,Undefined,90.2688528434,2274.34508789,167.222644716,22.2434153742,-5.05145331734,1.2748074856,0.991594093466
Fastball,BallCalled,Undefined,91.7198748495,2317.19678395,167.314684814,21.8206097621,-4.91843450305,0.464937551089,-0.454202846319
Fastball,FoulBall,Undefined,89.9242580405,2210.71220391,166.872094245,21.7818403591,-5.08733400565,2.80402197845,-0.496268776931
ChangeUp,BallCalled,Undefined,76.7027827924,1649.89914585,126.285782855,11.3560251359,-15.5254530433,1.4573827304,0.0482471188892
ChangeUp,BallCalled,Undefined,75.4690586098,1703.635151,112.813690784,6.8410439164,-16.3700824802,1.70209779678,1.1042946725
Fastball,FoulBall,Undefined,90.7640494153,2286.21402606,173.16423815,20.7680520552,-2.49331794137,2.90529783345,-0.359737758752
Fastball,FoulBall,Undefined,91.0679916963,2200.12886909,172.373169497,23.5252130287,-3.15423917643,3.11716006409,0.489987780709
Fastball,FoulBall,Undefined,92.170895147,2227.27506542,169.222174495,21.9307692724,-4.18034423895,2.37823404901,0.452013747834
ChangeUp,InPlay,Single,74.9595375053,1706.28463006,134.569104365,10.3771625429,-10.5802043539,2.92590753613,-0.263188095477
Curveball,BallCalled,Undefined,71.7064016019,2453.24283466,342.923406774,-13.6249308321,4.1699678807,0.858057799581,0.556171209134
Fastball,StrikeSwinging,Undefined,88.539028651,2112.35822314,164.915998686,23.4825301707,-6.33783524875,3.82431946186,-0.688616079208
ChangeUp,BallCalled,Undefined,76.7109871563,1582.25827186,126.711931559,11.1617433105,-15.0251390597,2.4490650837,0.993341490485
Fastball,BallCalled,Undefined,90.7067170543,2193.37464117,183.727665839,22.4541255628,1.46495809001,2.85580886683,1.6714611413
Fastball,BallCalled,Undefined,89.9570509871,2258.23220149,155.147596525,20.2753466373,-9.40559220862,3.73263734124,0.915151073722
Fastball,StrikeSwinging,Undefined,91.1386759264,2304.25572272,164.074650076,24.3869101839,-6.96730854928,3.8107058749,-0.108408588858
Fastball,FoulBall,Undefined,90.8040805005,2189.60814745,171.76850122,23.1251307025,-3.34980513986,2.63746711117,0.354093894202
Fastball,BallCalled,Undefined,91.0111761648,2205.8619695,165.272077617,22.8020004187,-6.00199090061,4.51162876494,0.252997056817
ChangeUp,BallCalled,Undefined,76.3091190534,1620.77210956,132.176375413,12.7497434453,-14.1207852574,1.3007238675,-1.8150798092
Fastball,StrikeSwinging,Undefined,90.7600476754,2308.24570815,159.585956461,22.8609053603,-8.51980680628,3.32384172298,0.239089471509
Fastball,BallCalled,Undefined,90.9110377664,2225.48439922,162.869231761,24.4532440516,-7.54668109255,3.73502427227,0.0334756061037
Fastball,StrikeSwinging,Undefined,90.3246828683,2288.11410422,160.416700707,23.0062652528,-8.19568768176,2.94995505931,-0.397575697326
Fastball,StrikeSwinging,Undefined,90.30508026,2251.47875744,169.727680904,24.2339932064,-4.39757065009,3.50064423009,0.557572284824
Fastball,BallCalled,Undefined,91.0991000443,2218.95039211,174.432805106,19.8596205625,-1.93872501112,4.22846310937,1.16317211268
Fastball,BallCalled,Undefined,91.0089311601,2200.43322752,173.164506001,20.6985155727,-2.48482796297,4.40389455953,-0.609917264352
Fastball,StrikeSwinging,Undefined,90.4792449826,2234.02098622,172.035157251,20.8821468005,-2.92605383716,2.62774827241,-0.575427346404
Fastball,InPlay,Out,89.3599591645,2246.18377642,166.530711163,22.0347995422,-5.28523118894,1.0393242089,-0.207112923177
Curveball,BallCalled,Undefined,71.1637932569,2389.58280341,303.437609598,-7.18437739272,10.8031906821,3.76288295205,0.388217328055
Fastball,BallCalled,Undefined,87.153052345,2259.37798915,156.747814732,23.3745643647,-10.0580145324,-0.143395891318,0.341394339764
Fastball,StrikeCalled,Undefined,87.866287798,2154.20062918,163.004560309,23.57011592,-7.21410540125,3.29622831656,-0.200436448269
Fastball,FoulBall,Undefined,88.2019913381,2183.33056806,168.6197863,22.2174458856,-4.47836850296,1.85913612699,-0.121675479108
Fastball,FoulBall,Undefined,88.7982604758,2190.568954,162.703039861,23.4506457561,-7.31275987882,1.74900626989,-0.0261769366992
Fastball,StrikeSwinging,Undefined,90.544085337,2260.07779872,173.219922696,24.835076097400002,-2.95631208289,2.82520148368,1.25775092296
ChangeUp,StrikeCalled,Undefined,74.2221371851,1694.00659914,110.710665723,5.91308176997,-15.7618687984,2.96171431531,0.383290767212
Fastball,StrikeSwinging,Undefined,90.3340770551,2310.34887212,167.6261545,25.8207177933,-5.67160039167,3.68386601503,-0.374149461532
Fastball,FoulBall,Undefined,90.9501879055,2276.27923038,172.422719979,23.2340457902,-3.09480605945,2.85729943411,-0.462425465664
ChangeUp,BallCalled,Undefined,75.3336285133,1571.22154228,147.353440683,12.7996411939,-8.22885365257,1.18071143726,-1.98042682008
Fastball,StrikeSwinging,Undefined,89.7531692891,2300.58339507,168.63648513,21.798363693,-4.38703238186,2.98711111377,0.453004473957
Fastball,StrikeCalled,Undefined,91.6836457355,2315.14562902,170.481624175,21.7438390297,-3.65101014498,2.33189185977,0.91947570512
Fastball,BallCalled,Undefined,92.82955085,2313.39102576,164.444821413,21.7171848984,-6.05351661355,4.74271036658,0.172166172554
Fastball,BallCalled,Undefined,91.7143727688,2340.47518649,170.495070377,22.7459240185,-3.81353418426,3.03337119932,1.25073740551
Fastball,StrikeSwinging,Undefined,92.3879027004,2280.12312136,164.151610659,21.4444713564,-6.09628346422,2.43749216438,0.624888720031
Fastball,StrikeSwinging,Undefined,92.6967981376,2346.93507902,166.244091717,22.9898643542,-5.63544415963,3.72264126033,-0.44546072875
Fastball,StrikeCalled,Undefined,91.9173840199,2392.21522601,166.546118536,21.7153815121,-5.20224705768,3.15610661977,0.01893444414
Fastball,BallCalled,Undefined,93.5881251723,2330.54070855,165.611234245,22.9971953769,-5.90753798847,3.50968853367,0.285983912771
ChangeUp,BallCalled,Undefined,80.1936412907,1816.48856608,131.962005173,11.0477738865,-12.3306602377,-0.131868192335,0.317439572907
Fastball,FoulBall,Undefined,91.8023237038,2275.52748284,158.743614078,21.3184287442,-8.30503278688,2.15704641847,-0.137214591268
Fastball,FoulBall,Undefined,92.5535237026,2297.95458645,159.457737338,20.6367236248,-7.74432003805,3.16409695172,-0.696574560195
Fastball,StrikeCalled,Undefined,91.6872502136,2284.4546783,160.721054301,20.9561490469,-7.34090438682,2.02196439602,0.645820227427
Fastball,BallCalled,Undefined,91.7871445515,2256.31485398,168.147216834,21.3203919213,-4.48104569471,1.59621517298,0.434511439738
Fastball,BallCalled,Undefined,91.3225664518,2278.15644988,159.901675811,21.2253434711,-7.7780680295,3.88619515495,0.780153693753
Fastball,StrikeCalled,Undefined,90.7795297555,2300.16915299,160.621463555,19.4845122351,-6.86440784185,2.02278384994,0.494004420162
Fastball,BallCalled,Undefined,89.7001815532,2251.64088266,169.017633018,21.6091937672,-4.19976624273,1.70820807115,0.873604854889
Fastball,StrikeSwinging,Undefined,91.527242505,2255.31551786,174.408966513,22.8169446139,-2.23664215837,3.17359252663,0.797456039165
Fastball,StrikeSwinging,Undefined,90.8114441853,2249.99120463,174.720600035,21.726141864,-2.01048726033,2.83938011355,0.767106631236
Fastball,StrikeCalled,Undefined,89.5775684729,2279.07577287,163.634931826,20.7460866012,-6.10168447736,2.12903139466,-1.26489904574
Fastball,FoulBall,Undefined,91.9102695928,2304.99321637,160.693285711,21.841819434,-7.66255299846,2.68856301935,-0.895639863803
Fastball,BallCalled,Undefined,91.3944520606,2289.77936629,171.629507693,20.7628752459,-3.05966645488,6.14689275649,-0.661390312566
Fastball,InPlay,Out,92.7493789689,2313.50595139,164.551124613,19.4916159832,-5.39511635562,3.44257663319,-1.10910944672
Fastball,StrikeCalled,Undefined,90.8533494016,2329.98352993,169.591243287,21.5671699852,-3.96751534825,2.33590621984,0.427170415446
Fastball,InPlay,Out,91.6309405488,2297.55416147,162.359692424,18.3297234293,-5.83864770731,1.89501026611,0.774452379163
ChangeUp,BallCalled,Undefined,78.0973265497,1812.34412,135.349552646,14.7754821608,-14.6384350844,0.886145014838,-0.125522293393
Fastball,FoulBall,Undefined,88.9135308258,2276.58853179,149.661344566,20.2172104269,-11.8518024424,2.86713734972,-0.979267600988
ChangeUp,StrikeSwinging,Undefined,77.9533614571,1572.84820938,126.982896914,8.79121727013,-11.7299243823,1.71295174787,0.475005318549
Fastball,BallCalled,Undefined,92.1153862888,2325.12889816,163.947171536,20.4167670382,-5.88370836575,2.98466540495,-1.44704669971
Fastball,StrikeSwinging,Undefined,92.3075685699,2262.10891329,160.039295855,20.0634895751,-7.29803883844,3.99055930396,-0.226209295867
Fastball,StrikeCalled,Undefined,88.982182852,2255.00381129,171.390224388,21.3462202309,-3.23699169023,2.66819076909,0.0325195372597
Fastball,BallCalled,Undefined,90.6801145847,2226.39415815,171.638207181,21.7119015836,-3.19597303963,4.22511122872,0.0259287869237
Fastball,BallCalled,Undefined,89.6905475709,2194.53355179,170.268650889,22.2340563595,-3.81860166181,1.3896343138,0.467197330789
Fastball,FoulBall,Undefined,90.7762824672,2293.68073913,173.147415332,23.0748959716,-2.77678134542,3.07800439025,0.165337374662
Fastball,FoulBall,Undefined,92.2805019025,2255.89973365,171.340838093,22.3101563033,-3.40227002636,2.11141666686,-0.0555287089398
Fastball,InPlay,Out,91.5528302605,2278.90787513,166.577750334,18.6698828263,-4.46278526654,2.99178503716,0.199491725938
Fastball,BallCalled,Undefined,89.7307082486,2370.39921131,160.329294116,19.0103470716,-6.80723571045,1.62908683604,-0.471305244919
ChangeUp,BallCalled,Undefined,75.4512093852,1839.35212535,124.942808067,8.15605181456,-11.7364797217,0.876185994605,0.415917567007
Fastball,StrikeCalled,Undefined,89.3803379513,2282.07808396,168.128793627,21.6924291057,-4.56670925632,2.43621342624,-1.15636751751
Fastball,StrikeSwinging,Undefined,90.4692058439,2252.92622898,161.807172536,22.1225854559,-7.28086044368,3.38191467524,-0.80022003504
Fastball,BallCalled,Undefined,91.3274734978,2205.29770558,159.666789304,21.3651414102,-7.9287100744,4.39419935487,-1.11812738959
Fastball,StrikeSwinging,Undefined,90.1965087026,2197.69897112,163.071593879,22.6994931239,-6.91861856588,3.92871644993,-0.859746428663
Fastball,StrikeCalled,Undefined,90.1844482747,2280.92224267,167.570451864,21.4871474794,-4.74286230849,1.85305990747,-0.845817501654
Fastball,InPlay,Out,92.7423807265,2325.43345977,180.900285686,22.717059861,0.357454138855,2.75453891276,0.354684062583
Fastball,FoulBall,Undefined,89.4168917173,2277.12507611,154.764421044,21.6620419079,-10.2249713136,2.84918102564,-0.0876667787269
Fastball,BallCalled,Undefined,90.7165971378,2264.4351390800002,168.557461263,23.679084288,-4.79924010531,3.85544766525,0.640314305554
Fastball,FoulBall,Undefined,90.3888754894,2247.71577312,174.517164687,22.818419823,-2.19331897669,3.31581585888,0.579906525245
Fastball,BallCalled,Undefined,92.2794793357,2215.19892743,182.10580198,18.8081091838,0.692711414182,5.46841646519,1.52536385213
Fastball,InPlay,Out,90.002597971,2169.99452743,167.96960811,18.208884624,-3.88731760035,3.12327811749,0.689169235618
ChangeUp,StrikeCalled,Undefined,77.7541039745,1681.9337035,137.657359588,11.2139923221,-10.257465192,3.36387387999,0.0955734851445
Fastball,BallCalled,Undefined,91.4989751383,2301.3628897,161.258984759,19.1489443972,-6.50740971863,4.89388519341,-0.520733962558
Fastball,InPlay,Out,90.6904453213,2212.01654069,161.161376847,19.4710538308,-6.65407473178,2.80692622798,-0.344327973504
Fastball,BallCalled,Undefined,89.4765701985,2230.93767952,168.732682569,21.6591092173,-4.32154855018,1.86247054898,1.52656716867
Fastball,StrikeSwinging,Undefined,89.0057777172,2272.3527757,187.760513935,25.4487269492,3.47268891675,3.02951044006,0.16138594372
Fastball,FoulBall,Undefined,89.9855545425,2225.99608874,162.53413765,18.2692072887,-5.7583362412,1.9872447011,0.827039150622
Fastball,BallCalled,Undefined,90.8654142838,2263.65347645,163.519557318,20.3526288179,-6.03042285398,4.62178492544,-0.405840776241
Fastball,FoulBall,Undefined,91.0464561966,2240.1185383,170.422450057,18.3913707946,-3.10850023049,3.14024354946,0.315061519609
ChangeUp,BallCalled,Undefined,76.872286386,1751.34548348,135.899985426,8.36237004468,-8.14548397546,2.15476780498,1.11916582882
Fastball,InPlay,Out,89.2797504736,2242.07602052,157.539878248,17.931144589,-7.42598867145,3.27563733244,0.227278026954
Fastball,StrikeCalled,Undefined,89.0131202468,2299.45104257,169.519436695,20.1479174991,-3.73317691554,2.80331414714,-1.21116822911
Fastball,BallCalled,Undefined,89.6386144482,2342.05362012,175.427509033,19.4906964913,-1.56132466719,3.6635351525,0.704630466162
ChangeUp,StrikeCalled,Undefined,78.9157963052,1837.313816,124.068085471,9.21412707127,-13.6863972683,1.88513199903,-0.262079939935
Curveball,BallCalled,Undefined,76.4678096615,2684.55128137,326.303170105,-11.3227362494,7.5203360374,0.256457538444,0.0314169055847
Fastball,InPlay,Out,92.3752174179,2391.75330129,174.823659449,20.9977775705,-1.90496867728,2.84315115654,-0.493711132108
Curveball,BallCalled,Undefined,72.8690298139,2521.61958212,329.184770287,-14.0696280612,8.36319423875,3.68893612923,-0.110940878276
Fastball,FoulBall,Undefined,90.8166562187,2398.95523568,185.247074044,21.3824152664,1.96655066106,1.65034202687,0.884833992736
Fastball,StrikeSwinging,Undefined,89.2449495157,2206.99265557,166.636110962,21.1544203769,-5.03329896484,3.39489672854,0.467633922349
Fastball,FoulBall,Undefined,90.6521373298,2297.71801761,171.034090133,21.6015279626,-3.413090538,2.70466956764,-0.153388209876
Fastball,StrikeSwinging,Undefined,91.014233498,2274.44004051,178.785764937,22.4484064752,-0.476468372854,3.00721466874,0.743675065263
Fastball,StrikeSwinging,Undefined,88.2738445397,2195.21685276,160.386304937,23.1585967876,-8.26452246015,2.44622384441,-1.22326533121
Fastball,StrikeSwinging,Undefined,89.5914540117,2298.68231962,162.16649764,24.2003197883,-7.79593123486,2.86868759363,-0.969983116154
Fastball,BallCalled,Undefined,92.3500446534,2255.73957612,168.91695732,20.804711601,-4.08128613915,4.32718247888,-0.0733018677804
Fastball,BallCalled,Undefined,90.717672149,2284.98424829,165.459730225,21.1417811462,-5.49152425182,2.66625104154,-1.59015928466
Fastball,FoulBall,Undefined,91.8038821391,2241.35927044,179.211488653,21.2395225687,-0.292741572164,2.90665830016,0.676579122341
Fastball,FoulBall,Undefined,91.109960456,2279.4149769,177.410466482,19.1400552959,-0.867059940729,2.84932499689,0.403764009554
Fastball,FoulBall,Undefined,90.1295580324,2242.51407362,170.009058418,19.1585279557,-3.38063244339,2.33485334284,0.017005680373
Curveball,FoulBall,Undefined,76.4172078116,2588.40890413,338.294477807,-14.6568654421,5.81620240234,1.36150659141,0.376536773818
ChangeUp,InPlay,Out,76.4882660433,1757.18929594,122.198581116,7.80075685358,-12.4583363391,2.01309938202,-1.24587922653
Curveball,StrikeCalled,Undefined,72.4451427609,2430.83523738,317.078511008,-11.8592339478,10.9822283959,3.18521633108,0.333203687015
ChangeUp,BallCalled,Undefined,78.1382106018,1672.8100154,122.784828331,8.7943050383,-13.7191614406,1.89913792749,-0.140294646281
Fastball,BallCalled,Undefined,89.1741869036,2249.36418748,166.440563733,19.2695016798,-4.65519494836,4.71145340866,0.690295601473
Fastball,StrikeSwinging,Undefined,88.5694791777,2288.5885779,168.054089578,22.538603729,-4.77548070177,3.82911226096,-0.00826886296144
Curveball,StrikeCalled,Undefined,73.3855699057,2525.66913125,315.851708765,-11.688157932,11.2985320316,2.86005574857,0.929330082279
ChangeUp,BallCalled,Undefined,78.0074950101,1702.88852725,121.924920425,9.68403541424,-15.610514287100001,1.46865337931,-1.93369615906
Fastball,StrikeSwinging,Undefined,87.8937701762,2245.5233701,169.845677838,23.550235529,-4.22396874082,1.94306291406,-0.868306086971
Fastball,FoulBall,Undefined,88.4738745299,2285.55240145,168.886006925,23.1004515357,-4.54449628903,2.46131753914,-0.25754925685
Fastball,BallCalled,Undefined,90.1332875107,2189.09544409,163.838347672,19.7547599163,-5.7343018495900004,4.54869539921,-0.67734054015
Undefined,InPlay,Out,77.5409746484,1641.89213556,129.597846391,9.66391153403,-11.7335915767,2.61544247221,-0.681965692279
Fastball,FoulBall,Undefined,89.8143309168,2232.29819873,160.487397134,20.511734275,-7.28007371892,3.39698430681,-1.14944869347
ChangeUp,StrikeSwinging,Undefined,78.1284750675,1720.68901393,140.889374382,12.1398782245,-9.90342617409,1.56803535,-0.738422961183
Curveball,InPlay,Out,74.3584346101,2557.87303759,338.680368407,-16.6404576003,6.47609760917,2.49021592722,-0.712838000449
ChangeUp,StrikeSwinging,Undefined,79.1526656987,1680.99245311,132.024957636,12.4024040163,-13.8072435512,1.72137017823,-0.743938034091
Fastball,BallCalled,Undefined,90.361167509,2290.55465554,168.588339429,18.8934425792,-3.81991456588,4.0344893227,0.683024290455
ChangeUp,InPlay,Out,79.4779754055,1735.64085138,127.73746546,10.7760673947,-13.9764054146,1.20366867766,0.176498059284
Fastball,FoulBall,Undefined,88.8883539658,2241.27947271,161.878557506,22.0642274736,-7.23161294153,3.08552950969,-0.398195766278
Fastball,HitByPitch,Undefined,89.2398641591,2202.62676904,173.191295017,20.1212439084,-2.40623564451,3.96647502768,1.48514834598
ChangeUp,StrikeCalled,Undefined,76.5428168117,1539.13631509,127.43964595,10.4151258484,-13.6596368397,2.07571484066,0.0612108919366
Fastball,BallCalled,Undefined,89.37460333,2279.44257406,170.393947039,19.8089407101,-3.35791370394,3.67040171448,1.71608382972
Fastball,BallCalled,Undefined,88.7526385753,2244.19191765,178.838602871,21.8710232302,-0.444044744371,1.49641652081,1.30615506106
ChangeUp,BallCalled,Undefined,75.0717622954,1586.61173264,130.195303639,10.6625460238,-12.6727032675,1.20685587886,-1.02781811436
Fastball,BallCalled,Undefined,87.4944341865,2213.2872991,177.536450136,21.3822495962,-0.921365492643,1.19282105146,0.611819599553
ChangeUp,BallCalled,Undefined,76.1909672449,1587.20303269,138.06976673,11.5872522366,-10.4467262191,1.88970208647,-0.809397983167
Fastball,StrikeSwinging,Undefined,89.5056748118,2278.61129295,167.771325737,20.872878684,-4.53069181966,2.04824995191,0.0155342031585
Fastball,BallCalled,Undefined,91.0492996901,2329.6135729,174.757568404,22.397247204,-2.05786591819,2.08630099352,0.682337720084
Fastball,InPlay,Out,89.4669434522,2244.89829997,168.47853795,21.0132054007,-4.28988397965,2.20024854178,-0.556555676732
Fastball,StrikeCalled,Undefined,90.2623250356,2315.60623819,178.645524944,21.428605084,-0.507410030395,3.18106285639,0.633508494032
Fastball,StrikeSwinging,Undefined,91.3277280787,2297.68313284,183.852611027,21.210903568,1.43043883371,3.87069297542,-0.0527084353645
Fastball,BallCalled,Undefined,90.8487495616,2220.15411888,173.228341149,21.8529888726,-2.59851398846,1.92617990655,-2.49205394596
Fastball,FoulBall,Undefined,91.2840871443,2318.60064618,174.946105824,20.4078702997,-1.80751184448,1.50865905696,-0.253021260744
Fastball,StrikeSwinging,Undefined,90.0106310204,2240.56905397,177.328670052,22.7518086054,-1.06301357309,3.82557724399,-0.987028766451
Fastball,StrikeCalled,Undefined,92.7438043175,2248.08859444,174.864242247,20.6028189623,-1.85436030188,3.47760543971,-0.0881898423591
Fastball,BallCalled,Undefined,93.4833246457,2216.75251847,177.495208657,20.6007038552,-0.902447772325,3.94258047568,-0.324263400266
Fastball,StrikeSwinging,Undefined,92.5845558183,2303.09509113,168.780498093,21.4623188071,-4.26318797232,3.34905723409,-0.400015031366
Fastball,BallCalled,Undefined,93.0302082677,2349.6783203,169.296372724,21.8765256721,-4.14066936028,2.17992468468,-1.53278971696
Fastball,BallCalled,Undefined,93.4598374242,2322.81094643,162.863653272,21.4372410415,-6.61887614594,2.09015529127,-1.6358968991
Fastball,StrikeSwinging,Undefined,92.7318048113,2302.96107091,164.965060893,20.6112829615,-5.54415526816,2.02165674543,-0.320238255408
Fastball,StrikeCalled,Undefined,93.6179570344,2358.47399896,172.413008696,21.6892063219,-2.89283030973,2.84836778824,-1.06640468426
Fastball,BallCalled,Undefined,92.8053800349,2270.55367596,164.303174862,22.0011193698,-6.19133804571,3.16418942227,-1.56841722602
Fastball,StrikeSwinging,Undefined,92.2063123352,2225.32222026,167.327315036,22.4323687879,-5.05093886848,1.90302958792,-0.202773829689
Fastball,BallCalled,Undefined,93.141381282,2396.49604398,174.18153263,23.3315908716,-2.38056587953,1.05872166686,-0.259030689406
Fastball,InPlay,Double,92.2099378293,2244.25578823,170.53873819,20.0205983548,-3.34141483984,2.07712939133,0.295451797072
Fastball,InPlay,Double,91.0977460389,2180.58969209,164.459105879,19.6242421511,-5.46590408755,2.75782370888,0.597407728137
Fastball,FoulBall,Undefined,91.9850718879,2289.97799685,166.363241958,19.8243419415,-4.81679181527,2.80345867504,0.148549643113
Fastball,StrikeSwinging,Undefined,91.7595557326,2174.57894663,170.225261559,22.6501835118,-3.90737398092,3.57854068357,-0.256466602174
Fastball,BallCalled,Undefined,92.2480024447,2158.71785595,174.873382252,20.1202611283,-1.80780983399,4.43790205242,1.08875027918
ChangeUp,BallCalled,Undefined,77.7617795553,1683.66813088,115.435689191,6.25361664184,-13.2370234758,1.18718150898,0.125084149879
Fastball,BallCalled,Undefined,92.2403214729,2145.23864008,162.565236712,20.591548785,-6.47616214285,4.53138314158,-0.639287664603
Fastball,StrikeSwinging,Undefined,90.823656239,2087.68108942,167.951305253,20.1037697584,-4.29762271862,3.85609902186,-0.311584294888
ChangeUp,BallCalled,Undefined,76.2910378197,1679.43522457,134.443454673,10.8004576087,-11.0571077718,1.28401546898,0.658010256957
Fastball,StrikeCalled,Undefined,90.642312697,2052.70732296,172.187873063,21.4672762552,-2.94955033296,3.29133573769,0.423634961667
Fastball,FoulBall,Undefined,90.5537958242,2172.16812705,165.354115391,19.5188047214,-5.10920406178,2.38401586014,-0.61087573859
Fastball,StrikeSwinging,Undefined,92.6722040791,2107.16733344,175.964130738,21.1578978009,-1.49490718287,3.80571561,0.787183667903
Fastball,InPlay,Out,89.687545268,2154.42427278,173.695252126,21.1186004513,-2.33683582009,1.75558526151,-0.443874344381
Curveball,StrikeCalled,Undefined,74.9245495449,2508.4895955,334.140725407,-10.825015357,5.2243318772,2.80948585859,-0.248727094904
Fastball,BallCalled,Undefined,91.4324581217,2197.08575138,158.70573244,18.1296889014,-7.07854813574,1.68931891517,-0.829812599223
ChangeUp,BallCalled,Undefined,75.9857644632,1636.32142445,122.811770673,7.85719387999,-12.2550744225,0.67304390391,0.0466759616062
ChangeUp,BallCalled,Undefined,77.5618391415,1665.87127195,121.585428635,6.89825751586,-11.2875568043,0.745394108405,-0.374679622042
Fastball,StrikeCalled,Undefined,90.956078902,2247.9442411,172.03472311,21.3554896772,-2.99249031764,3.4210173411200002,-0.554464006553
Fastball,FoulBall,Undefined,90.1278823051,2204.90042422,158.618705436,17.7250713131,-6.95219026916,2.5527685059,-0.134180490873
Fastball,BallCalled,Undefined,90.8942068219,2061.50092007,175.919143295,22.4863620745,-1.60653924769,4.01898759291,-0.0664522993151
Fastball,BallCalled,Undefined,90.7641794844,2108.18027317,181.323500543,21.1710461982,0.489847530311,4.21767148551,0.185565245866
Fastball,StrikeSwinging,Undefined,89.1988177594,2079.993975,169.499239183,19.0555088339,-3.5380508603,4.98790784991,-0.385979624509
Fastball,BallCalled,Undefined,89.9676534043,2190.36721862,177.816572601,21.9790830226,-0.839206265744,1.13292862401,0.281693949662
Fastball,InPlay,Out,88.3800689006,2082.0272515,162.030584253,21.4300616356,-6.96111697429,1.90220498159,0.395885131621
Fastball,StrikeCalled,Undefined,89.081364603,2189.90823373,182.945427038,23.6026167474,1.21609352896,3.45963352016,0.656990332594
Curveball,BallCalled,Undefined,74.5383323965,2291.27920695,341.807882401,-16.7576553277,5.49154963655,0.655675466946,0.584871197897
Fastball,FoulBall,Undefined,88.9799298236,2111.35016416,168.743842224,24.8589367086,-4.95406395742,3.41345540548,-0.700034367405
Fastball,FoulBall,Undefined,88.8141548026,2108.96224848,168.14323891,19.3172385965,-4.06226035397,2.69414796702,-0.51129923528
Curveball,BallCalled,Undefined,72.4570339868,2276.19878192,334.485498887,-12.4681388445,5.9268037426,5.49679185557,0.935170749019
Fastball,BallCalled,Undefined,90.2078168213,2153.78790106,165.207595526,20.2038577914,-5.343584391,4.29067241457,1.14760524777
Fastball,StrikeSwinging,Undefined,87.7091401347,2089.65164657,172.238966771,19.9991631594,-2.73022540532,3.24263090396,0.0836074551885
ChangeUp,BallCalled,Undefined,76.3592598214,1673.68785804,130.123825442,9.03509818098,-10.7720906514,1.47934496186,1.02948954561
Fastball,InPlay,Out,89.3692522702,2159.06517672,175.991429113,19.8132166088,-1.39070045315,3.09833689315,-0.039882995131
Fastball,StrikeCalled,Undefined,89.5445273344,2117.47258834,165.779137822,20.2253549124,-5.13376047747,1.6673263944,-0.481034003683
Curveball,BallCalled,Undefined,74.364850289,2316.37118698,340.931142459,-14.7539107523,5.08353458341,4.25902158397,-1.31494601832
Curveball,BallCalled,Undefined,73.4609041509,2419.32181408,352.384574005,-13.8785097126,1.84908763893,1.56061602889,-0.294290753894
Fastball,FoulBall,Undefined,90.2534604423,2077.50510645,176.243683252,21.0354283457,-1.38314487091,2.99201241429,0.587971814444
Fastball,FoulBall,Undefined,91.3149219279,2084.56083755,166.451886693,17.6347799683,-4.25685987167,2.76285921831,0.169903190708
ChangeUp,BallCalled,Undefined,78.7387358615,1659.26422452,142.430583023,9.63980167709,-7.44676139282,0.708363113802,0.396337671518
ChangeUp,BallCalled,Undefined,76.5128630934,1806.81913968,125.089818108,9.70315355917,-13.8732722321,0.715001104699,1.08405936702
Fastball,BallCalled,Undefined,89.8097588822,2111.31030676,168.610839766,20.9869773315,-4.23401995413,4.75891075312,-0.644759157002
ChangeUp,StrikeCalled,Undefined,77.7726812599,1657.89780752,120.166416672,8.26102666293,-14.2852565325,2.69867613253,0.568363349634
Fastball,FoulBall,Undefined,88.9208953953,2050.33496429,172.086518671,20.009436132,-2.78582734916,2.77558072971,-1.09783672988
Fastball,InPlay,Double,90.0183161936,2092.01517888,178.796274635,19.9402457219,-0.419656762673,2.60356190966,0.0185113332903
ChangeUp,StrikeCalled,Undefined,74.891920984,1569.54333168,115.534042089,6.69676818626,-14.1123352359,2.58477713886,-0.865044572385
Fastball,BallCalled,Undefined,90.3980675652,2102.3137371,187.319516494,23.2842950483,2.99493495559,3.59192583147,-0.55176926155
Fastball,BallCalled,Undefined,88.9657429527,2106.93059128,185.551172877,20.1452180174,1.96110641909,1.50172663138,-0.390170636278
ChangeUp,BallCalled,Undefined,75.7116603642,1717.53950523,133.602995477,9.74248997172,-10.2769471774,0.953265455154,1.82441030844
Fastball,BallCalled,Undefined,89.9503484452,2018.60388792,171.472863775,20.7001708393,-3.10847235532,4.30156035055,0.489692924628
Fastball,StrikeCalled,Undefined,88.4144528419,2168.02442403,165.455486144,21.2379661472,-5.51874960929,3.67681173934,-0.54990976896
Fastball,BallCalled,Undefined,89.4166616279,2151.30452011,179.294771217,23.131186229,-0.285125960688,3.641644429,0.809753714708
ChangeUp,StrikeCalled,Undefined,75.8972986979,1775.96023247,117.849154917,7.90886340358,-15.0529786067,1.76126597692,0.5406940534
Fastball,InPlay,Out,89.571678171,2190.57696508,156.8819159,20.9670884189,-8.96491391821,3.59790983218,-0.230296083822
Fastball,StrikeCalled,Undefined,86.0007128018,2129.82031401,163.580678665,19.8465843722,-5.85872670897,3.00213255771,-0.106885870507
Fastball,StrikeSwinging,Undefined,88.0896343899,2195.25418954,172.900234623,20.6248081446,-2.5729835256,3.56545058282,0.307968516106
Fastball,FoulBall,Undefined,89.1695539087,2182.80431946,171.044906659,21.4778452378,-3.38956118652,2.97107302578,-0.760495636825
Curveball,StrikeCalled,Undefined,72.9281522171,2531.62674729,324.396278519,-12.3082494967,8.77792197615,3.08731894481,-0.103279894161
Curveball,StrikeCalled,Undefined,71.2376382569,2400.69761784,320.520450846,-10.058584864,8.24354447338,1.74290937311,0.293054266856
Fastball,BallCalled,Undefined,90.1460115976,2273.72444382,167.488020991,23.4366923494,-5.20797001127,1.13200885466,-0.521531851095
Fastball,StrikeCalled,Undefined,85.1973017574,2171.01057783,166.905609838,22.6972173907,-5.28768968879,1.60686218429,0.0741130651421
Curveball,BallCalled,Undefined,71.7046133038,2431.50780995,328.171489726,-12.7899792397,7.90771151544,4.95779787566,-0.752696963672
Fastball,FoulBall,Undefined,89.622095428,2299.62139678,172.512555553,22.8394327327,-3.00596809665,2.08742401797,-0.760339209829
Fastball,InPlay,Out,88.2316546017,2265.91102423,179.674315466,20.4286702866,-0.116310849057,2.72943853825,0.106089688407
Fastball,FoulBall,Undefined,87.8319250046,2197.52426129,163.865869318,21.7149232128,-6.29136828864,2.98027866352,0.136880881466
ChangeUp,FoulBall,Undefined,73.486411869,1693.85781717,125.364898659,8.21889492263,-11.6462248527,3.03632118724,-0.664485789177
Fastball,BallCalled,Undefined,91.2654172892,2181.5738006,177.581660251,21.2062420913,-0.896906441677,4.10686700834,-0.924415423899
Fastball,FoulBall,Undefined,89.3081145163,2179.48381682,171.833800729,20.8255433941,-2.99302550855,3.22376317702,-0.126157275737
Fastball,BallCalled,Undefined,89.7733528276,2115.49318384,170.351947334,20.9765005221,-3.57136775776,1.16640888286,-0.00440131254037
Fastball,StrikeCalled,Undefined,89.5254089759,2130.91780807,173.939995111,19.5363527092,-2.07740093281,2.51128312904,0.462229508939
Fastball,InPlay,Out,84.3109872925,2108.71252041,167.789509049,19.1819742216,-4.15862552766,2.52428303841,0.209932347643
Fastball,BallCalled,Undefined,86.1201291011,2210.95411311,174.135668102,22.8032588144,-2.34568096835,3.07679093251,1.07932445265
Fastball,InPlay,Out,86.1350078656,2190.8872572,178.705343058,19.4158254901,-0.439571532296,3.35515024595,0.0103686407999
ChangeUp,BallCalled,Undefined,75.5531994036,1553.51762844,131.390981567,9.64983947432,-10.9989995483,3.74564169583,-1.19832059214
ChangeUp,StrikeCalled,Undefined,73.4398467777,1674.64916035,122.878138319,7.51350951702,-11.6969980452,3.72367224526,0.435606060214
Fastball,StrikeSwinging,Undefined,90.1138327462,2265.65659816,165.103895578,20.6391488671,-5.49856562044,4.31907403566,-0.203100567825
Fastball,BallCalled,Undefined,90.5206131013,2135.22943628,169.84756873,17.9080392423,-3.21244869402,4.94926780249,0.766763101976
Fastball,StrikeSwinging,Undefined,89.0812070254,2098.95126881,176.834057118,19.0507823721,-1.05550349234,3.53291864032,1.22552707571
